{
    "bottleCount": 9,
    "corkCount": 7,
    "completedBottleCount": 7,
    "bottleOverlapDetected": false,
    "shadowOverlapDetected": false,
    "hudIntrusionDetected": false,
    "minimumLayerThicknessPixels": 61.8031005859375,
    "silhouetteContrastRatio": 1.3194810152053834,
    "visibilityRatio": 0.09344153106212616,
    "corkAspectRatioMin": 1.523800015449524,
    "corkAspectRatioMax": 1.523800015449524,
    "corkCenterOffsetRatioMax": 0.04285699874162674,
    "corkInsertionDepthRatioMin": 0.75,
    "corkInsertionDepthRatioMax": 0.75,
    "corkInsertionDepthValid": true,
    "shadowLengthRatioMax": 0.0551999993622303,
    "generatedAt": "2026-03-12T14:47:58.5165440Z"
}