{
    "bottleCount": 9,
    "corkCount": 7,
    "completedBottleCount": 7,
    "bottleOverlapDetected": false,
    "shadowOverlapDetected": false,
    "hudIntrusionDetected": false,
    "minimumLayerThicknessPixels": 127.10986328125,
    "silhouetteContrastRatio": 1.4688838720321656,
    "visibilityRatio": 0.16949772834777833,
    "corkAspectRatioMin": 1.523800015449524,
    "corkAspectRatioMax": 1.523800015449524,
    "corkCenterOffsetRatioMax": 0.04285699874162674,
    "corkInsertionDepthRatioMin": 0.75,
    "corkInsertionDepthRatioMax": 0.75,
    "corkInsertionDepthValid": true,
    "shadowLengthRatioMax": 0.06669999659061432,
    "generatedAt": "2026-03-15T11:25:44.6939910Z"
}