{
    "bottleCount": 9,
    "corkCount": 7,
    "completedBottleCount": 7,
    "bottleOverlapDetected": false,
    "shadowOverlapDetected": false,
    "hudIntrusionDetected": false,
    "minimumLayerThicknessPixels": 137.40109252929688,
    "silhouetteContrastRatio": 1.5114781856536866,
    "visibilityRatio": 0.20667825639247895,
    "corkAspectRatioMin": 1.523800015449524,
    "corkAspectRatioMax": 1.523800015449524,
    "corkCenterOffsetRatioMax": 0.04285699874162674,
    "corkInsertionDepthRatioMin": 0.75,
    "corkInsertionDepthRatioMax": 0.75,
    "corkInsertionDepthValid": true,
    "shadowLengthRatioMax": 0.0551999993622303,
    "generatedAt": "2026-03-13T17:32:31.7596640Z"
}